Account Number,Account Name,Symbol,Description,Quantity,Last Price,Last Price Change,Current Value,Today's Gain/Loss Dollar,Today's Gain/Loss Percent,Total Gain/Loss Dollar,Total Gain/Loss Percent,Percent Of Account,Cost Basis Total,Average Cost Basis,Type
Z33896077,Individual,SPAXX**,HELD IN MONEY MARKET,,,,"$5,434.96 ",,,,,27.40%,,,Cash
Z33896077,Individual,AMAT,APPLIED MATERIALS INC COM USD0.01,5,$499.27 ,$0.06 ,"$2,496.35 ",$0.30 ,0.01%,($105.83),-4.07%,12.58%,"$2,602.18 ",$520.44 ,Cash
Z33896077,Individual,APH,AMPHENOL CORP CLASS A COM USD0.001,10,$151.49 ,($2.58),"$1,514.90 ",($25.80),-1.68%,($19.60),-1.28%,7.64%,"$1,534.50 ",$153.45 ,Cash
Z33896077,Individual,COP,CONOCOPHILLIPS COM,10,$121.29 ,$4.50 ,"$1,212.90 ",$45.00 ,3.85%,$43.50 ,3.71%,6.11%,"$1,169.40 ",$116.94 ,Cash
Z33896077,Individual,CVX,CHEVRON CORP NEW COM,10,$192.58 ,$5.82 ,"$1,925.75 ",$58.15 ,3.11%,$53.65 ,2.86%,9.71%,"$1,872.10 ",$187.21 ,Cash
Z33896077,Individual,FOX,FOX CORP CL B COM,17,$61.64 ,$0.74 ,"$1,047.88 ",$12.58 ,1.21%,$22.34 ,2.17%,5.28%,"$1,025.54 ",$60.33 ,Cash
Z33896077,Individual,LIN,LINDE PLC COM EUR0.001,5,$511.64 ,($3.95),"$2,558.20 ",($19.75),-0.77%,$1.82 ,0.07%,12.90%,"$2,556.38 ",$511.28 ,Cash
Z33896077,Individual,LRCX,LAM RESEARCH CORP COM NEW,5,$323.58 ,($3.58),"$1,617.90 ",($17.90),-1.10%,($109.20),-6.33%,8.16%,"$1,727.10 ",$345.42 ,Cash
Z33896077,Individual,UNH,UNITEDHEALTH GROUP INC,5,$405.61 ,($7.40),"$2,028.02 ",($36.98),-1.80%,($23.41),-1.15%,10.22%,"$2,051.43 ",$410.29 ,Cash
